"Palavra-chave","Impressões","Cliques","CTR","Posição Média"
"declaração de conteúdo correios","7782","39","0,5%","6,856584142893858"
"declaração de conteudo correios","583","2","0,34%","7,516292795883362"
"declaração de conteúdo correios pdf","560","16","2,86%","4,458926964285714"
"correios declaração de conteúdo","516","3","0,58%","7,087201937984497"
"formulario declaração conteudo dos correios","275","2","0,73%","5,319993818181817"
"declaração correios","195","1","0,51%","6,656408205128206"
"declaração conteúdo correios","179","1","0,56%","6,653639106145251"
"recibo de aluguel","114","1","0,88%","8,570181578947368"
"declaração de conteúdo pdf","84","8","9,52%","2,8809642857142856"
"declaração de conteúdo correios imprimir","78","5","6,41%","4,833332051282052"
"correio declaração de conteúdo","49","1","2,04%","6,959206122448979"
"formulário de declaração de conteúdo correios","48","1","2,08%","5,5833458333333335"
"declaração de conteúdo correios editável","38","3","7,890000000000001%","7,184213157894736"
"declaracao de conteudo correios","28","0","0%","7,6785821428571435"
"recibo online simples","26","0","0%","10"
"declaração de conteudo","24","1","4,17%","5,666695833333333"
"declaração conteúdo correios imprimir","20","1","5%","4,34998"
"declaração correios pdf","17","4","23,53%","3,0588235294117645"
"declaracao de conteudo de correios","16","1","6,25%","6,0625"
"recibo de prestação de serviço","15","0","0%","8,533299999999999"
"declaração de conteúdo","14","0","0%","3,2857142857142856"
"gerador de declaração de conteúdo","13","0","0%","6,9999692307692305"
"emitir recibo de aluguel","13","0","0%","4,6154"
"recibo de doação","12","1","8,33%","7,833333333333333"
"recibo de aluguel para imprimir","11","0","0%","8,27270909090909"
"recibos condomínio grátis","11","0","0%","6,999990909090909"
"correios declaração de conteúdo pdf","11","3","27,27%","3,4545454545454546"
"formulário declaração conteúdo correios","9","0","0%","7,8889000000000005"
"modelo de recibo para condominio","8","0","0%","5,625"
"declaracao correio imprimir","8","0","0%","5"
"correio declaração de conteúdo imprimir","8","1","12,5%","5,125"
"formulário correios declaração de conteúdo","8","2","25%","4,625"
"calculadora de dias úteis 2026","8","0","0%","7,3749875"
"recibo domestica gov br","7","0","0%","6"
"declaração conteúdo correios pdf","7","3","42,86%","4,571428571428571"
"recibos condomínio modelo","6","0","0%","6,166666666666667"
"declaração de conteúdo para imprimir","6","1","16,67%","6"
"modelo de recibo de doação de pessoa física para pessoa jurídica","6","1","16,67%","2,6667"
"recibo de aluguel de pessoa juridica","6","0","0%","2"
"calcular taxa maquininha 210","5","0","0%","8,4"
"modelodeclaração de conteudo","5","1","20%","3,2"
"recibo aluguel on line","5","0","0%","9,80002"
"recibos 2026","5","0","0%","8,8"
"recibo de venda de veículo","5","1","20%","6,2"
"qual a soma para calcular a hora trabalhada","5","0","0%","2,4"
"declaração de conteudo para impressão","5","1","20%","4,00002"
"declaração de conteúdo correios pdf imprimir","4","1","25%","5,5"
"declaração de conteúdo correios pdf editável","4","3","75%","4"
"boleto condomínio.pdf","4","0","0%","4"
"modelo de recibo de diarias","4","0","0%","5"
"recibodealuguelonline","4","2","50%","8,749975"
"declaração de conteúdo correios modelo","4","1","25%","3"
"exemplos de recibos de condominio","4","0","0%","4,999975"
"declaração de conteudo dos correios","4","0","0%","7"
"qual cnae pedreiro","4","0","0%","7"
"formulario de declacao de conteudo correios","4","1","25%","6"
"contador de soma pra quem trabalha","4","4","100%","13"
"modelo de recibo de venda de carro","4","0","0%","9"
"recibo faxineira diarista","4","0","0%","9"
"pix copia e cola","4","2","50%","9"
"calculadora dias uteis 2026","4","0","0%","7,5"
"gerador qr code para whatsapp","4","0","0%","23,25"
"modelo recibo aluguel","4","0","0%","10"
"recibo condominio","4","0","0%","2,5"
"correios formulário declaração de conteúdo","3","0","0%","8,6667"
"modelo ar correios pdf","3","0","0%","15"
"modelo de declaração de recibo de valor por prestação de serviço","3","0","0%","8"
"modelo de recibo de sinal venda de veículo","3","1","33,33%","3"
"recibo online 2 vias","3","3","100%","4"
"tabela de imc 2026","3","0","0%","4,3333"
"talão de pedido fortaleza","3","1","33,33%","2"
"recibos de condominio online","3","0","0%","13,666666666666666"
"declaração conteudos correios","3","0","0%","5"
"exemplo dum recibo de condominio","3","0","0%","7,3333"
"recibo aluguel 2026","3","0","0%","10"
"declaração conteúdo correios para imprimir","3","1","33,33%","5,3333"
"declaração conteudo correios","3","0","0%","9"
"tabela de indice de reajuste abril de 2026","3","2","66,67%","5"
"formulario de declaração de conteudo correios","3","1","33,33%","3"
"declaração de conteúdo correios imprimir pdf","3","1","33,33%","3"
"modelo recibo condominio","3","0","0%","4,333333333333333"
"declaração de conteúdo online","3","0","0%","9,3333"
"recibo de pagamento doméstica","3","0","0%","9"
"modelo de declaração de conteúdo dos correios","3","1","33,33%","2"
"declaracao de conteudo correio","3","0","0%","7,333333333333333"
"7.000,00","3","0","0%","7,3333"
"calculado para reajuste de aluguel 2026","3","0","0%","7"
"modelo de recibo com pagamento como donativo","2","1","50%","2"
"templates faturas condominio","2","0","0%","6"
"declaração correio para impressão pdf","2","0","0%","4"
"modelo de recibo de quitaçao de aluguel anual, baixar gra","2","2","100%","4"
"declaração de conteudo online","2","1","50%","8,5"
"declaração de conteúdo correio grátis","2","0","0%","8"
"modelo de cod em 2026","2","0","0%","3"
"recibos condominio","2","0","0%","2,5"
"somar banco de horas","2","0","0%","6"
"no ra segmentado, soma-se a taxa do mdr + taxa do ra segmentado multiplicado pelo número de parcelas.","2","1","50%","1"
"recibo de doacao","2","0","0%","8"
"recibo de pagamento de aluguel online","2","0","0%","8"
"modelo de recibo de pago para condominio","2","0","0%","5"
"recibo prestador de servicio crear gratis pdf portugues","2","0","0%","6"
"declaração de conteúdo correios para imprimir","2","2","100%","4"
"recibo de alugueç","2","0","0%","7"
"declaração conteudo correio","2","0","0%","7,5"
"recibo de diarias","2","0","0%","8"
"declaração de conteudo correios editavel","2","1","50%","4,5"
"recibo de condominio modelo","2","0","0%","5"
"recibo de aluguel para imprimir pdf","2","1","50%","7"
"modelo recibo condomínio","2","1","50%","1"
"recibo venda de veículo","2","0","0%","8"
"modelo de recibo de pagamento de cotas do predio","2","0","0%","10"
"google maps qr code generator in portuguese","2","0","0%","10"
"recibo de prestacao de servico pdf","2","0","0%","10"
"talao pdf","2","0","0%","5"
"calculadoras de horas trabalhadas que soma","2","1","50%","3,5"
"modelo de recibo de aluguel pdf grátis","2","1","50%","3"
"declaração conteúdo correios imprimir pdf","2","1","50%","3,5"
"declaração correios conteúdo","2","0","0%","9"
"correio declaraçã ode conteudo","2","1","50%","8"
"modelo recibo aluguel pdf","2","0","0%","6,5"
"declaração de conteúdo correios online","2","0","0%","8"
"declaração de conteudo correios pdf","2","0","0%","3"
"recibo jardineiro","2","0","0%","6"
"talão de notinhas orçamento pdf","2","1","50%","6,5"
"calcular venda de 10 dias de férias","2","1","50%","8"
"fazer declaração mercadoria correios","2","0","0%","5"
"recibo simples de condominio","2","0","0%","5"
"conta horas trabalhadas","2","0","0%","9"
"como ccalcular meta de agua","2","0","0%","6"
"teajusye aluguel maio de 2026","2","1","50%","2"
"recibo venda veículo pdf","2","1","50%","6"
"recibo jardinagem","2","1","50%","5"
"gerador código qr code","2","0","0%","25"
"recibo de donativo pronto","2","0","0%","7"
"gerador de copia e cola","2","0","0%","7,5"
"recibo de pagamento de condominio","2","0","0%","5,5"
"recibo online aluguel","2","0","0%","7"
"novo modelo declaração conteúdo correios","2","1","50%","7"
"recibo de aluguel em branco para imprimir pdf]","2","1","50%","5"
"imprimir declaração de conteúdo correios","2","0","0%","10"
"recibo diarista limpeza","2","1","50%","3"
"reajuste de aluguel 2026","2","0","0%","10"
"formulario recibo de condomínio","2","0","0%","4"
"gerador de pix copia e cola","2","0","0%","9"
"declaração correio para impressão","2","0","0%","4"
"imprimir declaração de conteudo dos correios","2","1","50%","4"
"recibo simples para venda de veículos usados passando as multas","2","3","150%","3,5"
"recibos aulas particulares","2","1","50%","1"
"declaração de conteúdo em pdf","2","1","50%","4"
"talão de vendas o que é","2","0","0%","8,5"
"declaração de pacote correios pdf","2","1","50%","6"
"fazer declaração de conteúdo envio correio","2","1","50%","5"
"talão de pedido online","2","2","100%","5"
"qr code do instagram como gerar em alta resolução","2","1","50%","2"
"links curtos para whatsapp","2","0","0%","7"
"recibo do aluguel em branco para imprimir","2","0","0%","10"
"calcular entrada e saida do trabalho","2","1","50%","1"
"gerador de copia e cola pix","2","1","50%","8"
"declaração de conteudo baixar","2","1","50%","3,5"
"recibo referente a aulas de ingles","2","1","50%","1"
"modello nota de pagamento recibos de condominio deco","2","0","0%","8"
"recibo de doacao de casa","2","0","0%","7"
"baixar recibo de aluguel","2","0","0%","10"
"formulario declaracao de conteudo correios","2","0","0%","8"
"template recibo pagamento taxa de condomínio","2","0","0%","3"
"somar que horas tinha q voltar do almoço","2","1","50%","1"
"recibos condominio para imprimir","2","0","0%","4"
"recibo de venda de veículo pdf","2","0","0%","6"
"formulário declaração de conteúdo do correios para imprimir","2","0","0%","4"
"modelo de recibo de aluguel download","2","0","0%","7"
"declaração do correio para imprimir","2","1","50%","4"
"modelo de orçamento com logo","2","0","0%","8"
"recibos condomínio quotas grátis pdf","2","0","0%","1"
"declaração de conteúdo de correios","2","0","0%","7"
"recibo de condomínio modelo","2","0","0%","5"
"formulário de declaração de conteudo","1","0","0%","5"
"minuta recibo condominio","1","0","0%","3"
"recibo pedreiro","1","0","0%","9"
"recibo condominio recebimeto","1","0","0%","8"
"qr code vitalicia e gratis","1","0","0%","2"
"gerador de link whatsapp instagram storys","1","1","100%","4"
"calculo das contas","1","0","0%","6"
"quanto custa sua hora reflexao","1","0","0%","2"
"pdf pago condominio","1","0","0%","3"
"recibo de aluguel modelo]","1","0","0%","10"
"correios declaracao de conteudo","1","0","0%","8"
"formato de recibo de condomínio","1","1","100%","8"
"como converter qrcode em chave aleatoria","1","1","100%","1"
"declaraçao de conteudo para correios digital","1","2","200%","2"
"modelo declaração de conteúdo transportadora dhl","1","0","0%","4"
"correio decricção de conteudo para imprimir","1","0","0%","3"
"modelo comprovativo pagamento taxa administrativa condominio","1","0","0%","4"
"somar bate ponto horario de entrada almoco e saida","1","1","100%","1"
"para sacar un recibo parcial","1","0","0%","7"
"recibo parcial","1","0","0%","2"
"tabela aluguel 2026","1","0","0%","10"
"declaração de encomendas dos correios pdf","1","1","100%","3"
"recibos condomínio online","1","0","0%","2"
"declaraçao conteudo correios","1","0","0%","9"
"declaração de conteúdo pdf e declaração de conteúdo editável. correios","1","1","100%","2"
"correios formulário de declaração","1","0","0%","5"
"correios declaração de conteúdo para baixar","1","0","0%","5"
"modelo gratuito  de arras venda de imóvel","1","1","100%","3"
"cálculo exato pedido de demissão jovem aprendiz","1","1","100%","3"
"folha de orçamento com logotipo","1","0","0%","3"
"modelo de recibo de aluguel em duas vias","1","2","200%","1"
"pronto para emitir declaração de conteudo ml","1","0","0%","1"
"recibo duas vias","1","0","0%","2"
"empregadas domesticas exemplo de recibo","1","0","0%","10"
"lei qr code para colocar a conta no youtube","1","0","0%","10"
"modelo declaração de conteudo correios","1","0","0%","4"
"modelo de recibo de compra de imovel com pagamento em varias contas bancarias","1","1","100%","5"
"gerar recibo de aluguel","1","1","100%","7"
"somar cara horária","1","1","100%","5"
"modelo de recibo de veículo","1","0","0%","10"
"reajuste aluguelmipca abril 2026","1","2","200%","2"
"recibo de pagamento de aluguel gratis para impressao","1","0","0%","5"
"gerar políticas de privacidade lgpd e gdpr","1","0","0%","4"
"documento de conteudo correios editavel gratis","1","1","100%","3"
"modelo declaração conteúdo dos correios","1","0","0%","3"
"recibo de pagamento para aula informática","1","1","100%","2"
"recibos de condomínio","1","0","0%","10"
"recibos condomínio recebimento exmplo","1","0","0%","8"
"recibo de quitacao de taxa de condominio","1","0","0%","4"
"calculo com imc de atuldo com comorbidades da obsidade","1","0","0%","7"
"recibo condomínio","1","0","0%","10"
"formato de recibo de condominio","1","0","0%","6"
"recibos de condomínio modelo?","1","0","0%","5"
"gerador de conteudo correios","1","1","100%","7"
"formulario de declaração de conteudo correio","1","0","0%","3"
"documento declaração conteúdo correios","1","0","0%","8"
"template em word para pagamento de condominio","1","0","0%","9"
"gg pra mim não 🚫 não sei o valor do aluguel do nd e o valor do","1","0","0%","4"
"modelo declaração conteúdo correios","1","1","100%","5"
"declaração de conteudo do correios","1","0","0%","8"
"gerar qr code maps","1","0","0%","2"
"declaração valor correios","1","0","0%","4"
"declaração de conteudo editavel dos correiros","1","1","100%","4"
"recibo for school tutoring","1","1","100%","1"
"capade talão de venda cliente","1","0","0%","4"
"calcular taxa maquininha","1","0","0%","8"
"o que é um talão de venda","1","0","0%","8"
"modelo de declaração de conteúdo para imprimir","1","0","0%","3"
"formularios gratuitos para pagamentos de condomínio","1","0","0%","4"
"declaração correios para imprimir pdf","1","1","100%","3"
"quemescaiodecimoterceiro2026","1","0","0%","10"
"recibo de condomínio para imprimir 2026","1","0","0%","7"
"recibo condominio exemplo","1","0","0%","10"
"recibo de doação modelo","1","0","0%","9"
"talão de venda","1","0","0%","2"
"programa gratis para fazer recibos condominio","1","0","0%","3"
"recibo de venda veiculo","1","1","100%","6"
"preço da cerveja em 2026","1","0","0%","3"
"660news","1","0","0%","8"
"exemplos de recibos de condominio em pdf","1","0","0%","2"
"dinheiro liquido 2026","1","0","0%","10"
"folha de conteúdo a foto de correio","1","0","0%","2"
"talão de venda para editar","1","1","100%","2"
"mestre do qr","1","0","0%","4"
"exemplo recibo comdominio taxa","1","0","0%","3"
"prototipo de recibos de condomínio","1","0","0%","6"
"eidtar conteudo do gov br","1","0","0%","3"
"livro recibo condominio","1","0","0%","7"
"recibo de venda de automóvel","1","0","0%","10"
"salario de 7000 quanto recebe liquido","1","0","0%","5"
"como fazer declaracao de conteudo online","1","0","0%","5"
"texto para recibod de condominio","1","0","0%","5"
"extras valor fixo dsr horas extras total bruto inss tabela","1","0","0%","9"
"gerador de contas pix com dinheiro","1","0","0%","1"
"talão de pedido para editar e imprimir","1","0","0%","8"
"recibo de aluguel modelo pdf","1","1","100%","5"
"formatos de recibo de pago de condominio","1","0","0%","5"
"declaração de conteudo correios pdf para","1","0","0%","2"
"como baixr recibo do veicula.para venda?","1","0","0%","8"
"modelo de recibo de prestação de serviço pdf","1","0","0%","10"
"formulario recibo de condomínio- pt","1","0","0%","8"
"recibo de doação de patrocinio modelo","1","0","0%","6"
"como calcular lucro do mei em 2026","1","0","0%","6"
"modelos para recibo de pagamento de condominio","1","0","0%","4"
"declaracao conteudo correios imprimir pdf","1","1","100%","3"
"15 hrs com pontos","1","0","0%","9"
"declaração de conteúdo correios sem cpf","1","2","200%","1"
"recibo de aluguel para imprimir em ingles pdf pronto","1","0","0%","6"
"percentual reajuste aluguel comercial em abril de 2026","1","0","0%","5"
"cálculo horas extras 50% + dsr","1","0","0%","10"
"declaracao conteudo correios online","1","0","0%","7"
"bloco de pedido pronto pdf","1","1","100%","3"
"modelo de declaração de conteúdo correios","1","0","0%","4"
"formulário de declaração correios","1","0","0%","4"
"conta de salario real","1","1","100%","1"
"recibo de doação de patrocinio","1","0","0%","7"
"recibo de aluguel online grátis","1","0","0%","6"
"recibo aluguel empresa para pessoa fisica","1","1","100%","3"
"60 minutos saldo","1","0","0%","3"
"recibvo de condominio","1","0","0%","1"
"modelo recibo diarista doméstico","1","0","0%","6"
"declaração correio para imprimir","1","1","100%","6"
"preciso de um código qr vitalício","1","0","0%","3"
"modelo declaração de conteúdo transportadora","1","0","0%","3"
"novo modelo de declaração de conteudo dos correios","1","1","100%","1"
"recibo de despesas de condomínio minuta","1","0","0%","8"
"aqui ao da conta para ver as horas trabalhadas","1","0","0%","8"
"declarações obrigatórias primavera","1","0","0%","13"
"template para recibos condominio portugal word","1","0","0%","10"
"gerador ar correios","1","0","0%","30"
"calculadora de reajuste de aluguel 2026","1","0","0%","8"
"gerador pix copia e cola","1","0","0%","8"
"emviar encimendas por expresso","1","0","0%","19"
"recibo de condomínio para imprimir","1","0","0%","5"
"recibos diaristas","1","0","0%","7"
"bloco de pedido fazer","1","2","200%","1"
"formulario declaracao de conteudo","1","1","100%","7"
"como calcular reajuste de aluguel fevereiro 2026 ipca","1","1","100%","6"
"template recibo pagamento condomínio","1","0","0%","3"
"modelo de  recibo de pagamento por doação","1","0","0%","9"
"cálculo de rescisão jovem aprendiz","1","1","100%","5"
"recibo para pagamentos de diárias","1","0","0%","6"
"como saber a meta de veber agua","1","0","0%","4"
"correios declaração conteúdo","1","0","0%","9"
"talao de pedido modelo","1","1","100%","2"
"recibos de condominio online gratis","1","0","0%","2"
"formulário de declaração de conteúdo.","1","0","0%","6"
"baixar qr code do youtube","1","0","0%","7"
"pdf declaração conteudo correio pdf","1","1","100%","5"
"quantos dias úteis tivemos no mês de abril de 2026?","1","0","0%","8"
"calculadora contabilizar banco de horas + e -","1","0","0%","8"
"exemplo recibos condominio","1","0","0%","8"
"declaração correios pdf 2026","1","1","100%","1"
"download receipt for condominium template","1","0","0%","5"
"formulario de declaração de conteúdo dos correios","1","1","100%","4"
"recibo de sinal de venda de carro","1","1","100%","1"
"recibo sinal venda carro","1","0","0%","2"
"sistema que gera qrcod pix com cnpj já cadastrado e solicita o valor","1","1","100%","3"
"gerador de qr code gratis","1","0","0%","13"
"bate ponto 14:49h trabalho 6:20h que horas saiu","1","1","100%","1"
"modelo de recibo de condomínio","1","0","0%","6"
"gerador qr code whatsapp gratuito","1","0","0%","23"
"recibo pagamento condomínio","1","0","0%","9"
"gerador de codigo facebook","1","0","0%","4"
"folha de descrição correios","1","0","0%","6"
"recibo do aluguel dez","1","0","0%","8"
"formulario de declaraçao de conteudo correios","1","0","0%","4"
"recibo de pagamento de locação gratuita","1","1","100%","7"
"odelo de recibo condominio","1","0","0%","6"
"como emitir recibos do condominio","1","0","0%","4"
"recibo de venda de veículo online","1","0","0%","6"
"valor dsr de 366,00 de horas extras","1","0","0%","9"
"criar link curto para whatsapp grátis","1","0","0%","6"
"recibo de doação de terreno","1","1","100%","7"
"correios da declaração de conteudo","1","0","0%","6"
"como fazer declaração de conteudo correio","1","0","0%","4"
"recibos de aluguel 10","1","0","0%","9"
"horas extras 2026 em angola formula","1","0","0%","10"
"recibo de aluguel de casa","1","0","0%","10"
"imprimir recibo excel taxa de condominio gratuito","1","1","100%","8"
"formulario correios declaração de produto sem nota fiscal","1","4","400%","2"
"gerador de declaração de conteúdo cssbuy","1","0","0%","5"
"modelo de pix copia e cola","1","0","0%","6"
"modelo de nota fiscal de aulas particulares","1","1","100%","3"
"recibo de prestacao de servico pdf diarista","1","0","0%","8"
"diária de domesica","1","0","0%","1"
"recibo aluguel 02 2026","1","0","0%","7"
"minuta recibo doação recebida","1","0","0%","7"
"recibo de aluguel em pdf","1","0","0%","7"
"modelo de recibo de aluguel de pessoa juridica com retencao de if na fonte","1","1","100%","3"
"formulario de declaração de conteudo do correio","1","1","100%","3"
"somar horas trabalhadas + contrato de trabalho","1","2","200%","3"
"recibo de pagamento pedreiro","1","0","0%","9"
"salario 3000","1","0","0%","3"
"formulario para imprimir declaração de conteudo dos correios","1","2","200%","2"
"calculadora financeira  2026","1","0","0%","4"
"o melhor modelo de recibo de aluguel de casa","1","1","100%","7"
"calculadora de dias úteis 2026 excel","1","0","0%","10"
"limpar json online","1","0","0%","9"
"declaracao de envio pdf download","1","0","0%","5"
"quanto a maquininha sobra de joros de 330 em 2 vez","1","0","0%","6"
"livro de recibos condomínio","1","0","0%","3"
"modelo de recibo de condominio on-line portugal","1","1","100%","5"
"gerar pix copia e cola com valor automatico para por em site","1","2","200%","1"
"modelo de recibo de pagamento de taxa de condominio gratis","1","0","0%","2"
"modelo de recibo de doação pessa fisica pra sobrinhos, modelo simples apenas comprovando que esta doando de presente","1","1","100%","6"
"recibo de doacao de casa em portugues","1","0","0%","6"
"calculadora ponto de horas trabalhadas","1","0","0%","9"
"recibo para venda de veiculo","1","2","200%","3"
"recibos de aluguel comercial para imprimir","1","0","0%","8"
"doutor finanças salário líquido","1","0","0%","3"
"calculadora .entrada saida","1","0","0%","7"
"qr contas","1","0","0%","5"
"recibo de aluguel residencial simples para editar e imprimir","1","1","100%","6"
"recibo para autônomo pedreiro","1","0","0%","9"
"recibo para aula informática","1","0","0%","1"
"simulador de taxas mdr","1","0","0%","6"
"recibo de sinal de venda de veículo","1","1","100%","1"
"formulario pdf declaração conteúdo correios","1","2","200%","3"
"recibo condominio marzo","1","0","0%","6"
"correios declaração de conteudo","1","3","300%","5"
"talão de pedido para editar","1","0","0%","1"
"reajustes restaurante 2026","1","0","0%","10"
"gerador código qr code pix","1","0","0%","12"
"gerador de declaração correios","1","0","0%","6"
"diaria doméstica","1","0","0%","5"
"recibo de alquiler","1","0","0%","9"
"declaracao online correio 2026","1","1","100%","3"
"pix copia e cola gerador","1","0","0%","10"
"correios formulário de declaração de conteúdo","1","0","0%","4"
"correios declaração de conteúdo editável","1","0","0%","8"
"gerador qr tiktok","1","0","0%","8"
"talão de vendas para imprimir","1","1","100%","1"
"quantas semanas está uma gestante com o dpp marcada para o dia 21 de abril","1","0","0%","6"
"como gerar codigo de barra com pix copia e cola","1","0","0%","2"
"modelo declaração de ocnteúdo correios","1","1","100%","3"
"modelo recibo condomínios","1","0","0%","6"
"salário líquido 2026 doutor finanças","1","0","0%","3"
"declaracao online correio","1","0","0%","10"
"gerador de chave pix","1","0","0%","7"
"fomulario de declaração de conteudo","1","0","0%","6"
"software para fazer recibo de condominio","1","0","0%","4"
"declaração de objeto correios","1","2","200%","6"
"declaração de conteudo correios pdf para imprimir","1","0","0%","2"
"criar recibos de condominio online","1","0","0%","7"
"recibo diaria","1","0","0%","3"
"correios declaraca de conteudo","1","0","0%","6"
"declaracao de contuedo em branco baixar","1","1","100%","2"
"o que é um talão de venda?","1","0","0%","10"
"gerador de qr code cartão de visita","1","0","0%","6"
"2 via de recibo de moto para venda","1","0","0%","9"
"gerar copia cola do pix","1","0","0%","7"
"editor mestre de pdf","1","0","0%","1"
"ormulário de declaração de conteúdo correios","1","0","0%","8"
"rent receipt pdf editavel online grátis","1","0","0%","4"
"folha declaração de conteudo correios","1","0","0%","10"
"declaracao de conteudo editavel correios","1","0","0%","9"
"emissão de recibos com valores por extenso em lazarus pdf","1","0","0%","1"
"dowlowd declaração de conteudo correios 2026","1","2","200%","1"
"modelo de factura para pagamento de taxa de condominio","1","0","0%","5"
"declaração de conteudo imprima","1","0","0%","3"
"transformar chave pix aleatoria em qr code","1","1","100%","2"
"declaração conteúdo correios editável","1","0","0%","6"
"formulário de declaração de conteúdo dos correios do brasil","1","1","100%","4"
"contas para hidratação","1","0","0%","9"
"recibo diária","1","0","0%","4"
"recibo de diarista domestiv=ca trabalahando 2 x na semana","1","1","100%","1"
"gerar qr code do youtube grátis","1","0","0%","7"
"recibo de venda de veiculo","1","1","100%","6"
"calculadora de horas trabalhadas com almoço","1","1","100%","7"
"recibos condomínio em word","1","0","0%","10"
"talões de pedidos","1","0","0%","5"
"modelo de recibo taxa de condominio","1","1","100%","2"
"0 mil no pix: maqueteiro de fláo o","1","0","0%","7"
"recibos para condominos","1","0","0%","10"
"pdf declaração de conteudo","1","1","100%","4"
"aplicação para emissao de recibos de condominio","1","0","0%","3"
"modelo declaração de conteúdo correios pdf","1","1","100%","2"
